<?xml version="1.0" encoding="utf-8" ?><timeSeriesResponse xmlns:xsi="http://www.w3.org/2001/XMLSchema-instance" xmlns="http://www.cuahsi.org/waterML/1.1/"><queryInfo><creationTime>2015-09-17T17:42:51-06:00</creationTime><criteria MethodCalled="GetValues"><parameter name="site" value="snotel:820" /><parameter name="variable" value="SNOTEL:SNWD" /><parameter name="startDate" value="2014-10-01" /><parameter name="endDate" value="2015-09-16" /></criteria></queryInfo><timeSeries><sourceInfo xsi:type="SiteInfoType"><siteName>Timpanogos Divide</siteName><siteCode network="SNOTEL">820</siteCode><geoLocation><geogLocation xsi:type="LatLonPointType"><latitude>40.42817</latitude><longitude>-111.61633</longitude></geogLocation></geoLocation><elevation_m>8140</elevation_m><verticalDatum>Unknown</verticalDatum><siteProperty name="State">UT</siteProperty></sourceInfo><variable><variableCode vocabulary="SNOTEL" default="true" variableID="7" >SNWD</variableCode><variableName>Snow Depth</variableName><valueType>Field Observation</valueType><dataType>Continuous</dataType><generalCategory>Climate</generalCategory><sampleMedium>Air</sampleMedium><unit><unitName>centimeter   </unitName><unitType>Length</unitType><unitAbbreviation>cm</unitAbbreviation><unitCode>47</unitCode></unit><noDataValue>-9999</noDataValue><timeScale isRegular="true"><unit><unitName>day</unitName><unitType>Time</unitType><unitAbbreviation>d</unitAbbreviation><unitCode>104</unitCode></unit><timeSupport>0</timeSupport></timeScale><speciation>Not applicable</speciation></variable><values><value censorCode="nc" dateTime="2014-10-01T00:00:00" timeOffset="-7" dateTimeUTC="2014-10-01T07:00:00"  methodCode="1"  sourceCode="1"  qualityControlLevelCode="1" >0</value><value censorCode="nc" dateTime="2014-10-02T00:00:00" timeOffset="-7" dateTimeUTC="2014-10-02T07:00:00"  methodCode="1"  sourceCode="1"  qualityControlLevelCode="1" >0</value><value censorCode="nc" dateTime="2014-10-03T00:00:00" timeOffset="-7" dateTimeUTC="2014-10-03T07:00:00"  methodCode="1"  sourceCode="1"  qualityControlLevelCode="1" >0</value><value censorCode="nc" dateTime="2014-10-04T00:00:00" timeOffset="-7" dateTimeUTC="2014-10-04T07:00:00"  methodCode="1"  sourceCode="1"  qualityControlLevelCode="1" >0</value><value censorCode="nc" dateTime="2014-10-05T00:00:00" timeOffset="-7" dateTimeUTC="2014-10-05T07:00:00"  methodCode="1"  sourceCode="1"  qualityControlLevelCode="1" >0</value><value censorCode="nc" dateTime="2014-10-06T00:00:00" timeOffset="-7" dateTimeUTC="2014-10-06T07:00:00"  methodCode="1"  sourceCode="1"  qualityControlLevelCode="1" >0</value><value censorCode="nc" dateTime="2014-10-07T00:00:00" timeOffset="-7" dateTimeUTC="2014-10-07T07:00:00"  methodCode="1"  sourceCode="1"  qualityControlLevelCode="1" >0</value><value censorCode="nc" dateTime="2014-10-08T00:00:00" timeOffset="-7" dateTimeUTC="2014-10-08T07:00:00"  methodCode="1"  sourceCode="1"  qualityControlLevelCode="1" >0</value><value censorCode="nc" dateTime="2014-10-09T00:00:00" timeOffset="-7" dateTimeUTC="2014-10-09T07:00:00"  methodCode="1"  sourceCode="1"  qualityControlLevelCode="1" >0</value><value censorCode="nc" dateTime="2014-10-10T00:00:00" timeOffset="-7" dateTimeUTC="2014-10-10T07:00:00"  methodCode="1"  sourceCode="1"  qualityControlLevelCode="1" >0</value><value censorCode="nc" dateTime="2014-10-11T00:00:00" timeOffset="-7" dateTimeUTC="2014-10-11T07:00:00"  methodCode="1"  sourceCode="1"  qualityControlLevelCode="1" >0</value><value censorCode="nc" dateTime="2014-10-12T00:00:00" timeOffset="-7" dateTimeUTC="2014-10-12T07:00:00"  methodCode="1"  sourceCode="1"  qualityControlLevelCode="1" >0</value><value censorCode="nc" dateTime="2014-10-13T00:00:00" timeOffset="-7" dateTimeUTC="2014-10-13T07:00:00"  methodCode="1"  sourceCode="1"  qualityControlLevelCode="1" >0</value><value censorCode="nc" dateTime="2014-10-14T00:00:00" timeOffset="-7" dateTimeUTC="2014-10-14T07:00:00"  methodCode="1"  sourceCode="1"  qualityControlLevelCode="1" >0</value><value censorCode="nc" dateTime="2014-10-15T00:00:00" timeOffset="-7" dateTimeUTC="2014-10-15T07:00:00"  methodCode="1"  sourceCode="1"  qualityControlLevelCode="1" >0</value><value censorCode="nc" dateTime="2014-10-16T00:00:00" timeOffset="-7" dateTimeUTC="2014-10-16T07:00:00"  methodCode="1"  sourceCode="1"  qualityControlLevelCode="1" >0</value><value censorCode="nc" dateTime="2014-10-17T00:00:00" timeOffset="-7" dateTimeUTC="2014-10-17T07:00:00"  methodCode="1"  sourceCode="1"  qualityControlLevelCode="1" >0</value><value censorCode="nc" dateTime="2014-10-18T00:00:00" timeOffset="-7" dateTimeUTC="2014-10-18T07:00:00"  methodCode="1"  sourceCode="1"  qualityControlLevelCode="1" >0</value><value censorCode="nc" dateTime="2014-10-19T00:00:00" timeOffset="-7" dateTimeUTC="2014-10-19T07:00:00"  methodCode="1"  sourceCode="1"  qualityControlLevelCode="1" >0</value><value censorCode="nc" dateTime="2014-10-20T00:00:00" timeOffset="-7" dateTimeUTC="2014-10-20T07:00:00"  methodCode="1"  sourceCode="1"  qualityControlLevelCode="1" >0</value><value censorCode="nc" dateTime="2014-10-21T00:00:00" timeOffset="-7" dateTimeUTC="2014-10-21T07:00:00"  methodCode="1"  sourceCode="1"  qualityControlLevelCode="1" >0</value><value censorCode="nc" dateTime="2014-10-22T00:00:00" timeOffset="-7" dateTimeUTC="2014-10-22T07:00:00"  methodCode="1"  sourceCode="1"  qualityControlLevelCode="1" >0</value><value censorCode="nc" dateTime="2014-10-23T00:00:00" timeOffset="-7" dateTimeUTC="2014-10-23T07:00:00"  methodCode="1"  sourceCode="1"  qualityControlLevelCode="1" >0</value><value censorCode="nc" dateTime="2014-10-24T00:00:00" timeOffset="-7" dateTimeUTC="2014-10-24T07:00:00"  methodCode="1"  sourceCode="1"  qualityControlLevelCode="1" >0</value><value censorCode="nc" dateTime="2014-10-25T00:00:00" timeOffset="-7" dateTimeUTC="2014-10-25T07:00:00"  methodCode="1"  sourceCode="1"  qualityControlLevelCode="1" >0</value><value censorCode="nc" dateTime="2014-10-26T00:00:00" timeOffset="-7" dateTimeUTC="2014-10-26T07:00:00"  methodCode="1"  sourceCode="1"  qualityControlLevelCode="1" >0</value><value censorCode="nc" dateTime="2014-10-27T00:00:00" timeOffset="-7" dateTimeUTC="2014-10-27T07:00:00"  methodCode="1"  sourceCode="1"  qualityControlLevelCode="1" >0</value><value censorCode="nc" dateTime="2014-10-28T00:00:00" timeOffset="-7" dateTimeUTC="2014-10-28T07:00:00"  methodCode="1"  sourceCode="1"  qualityControlLevelCode="1" >0</value><value censorCode="nc" dateTime="2014-10-29T00:00:00" timeOffset="-7" dateTimeUTC="2014-10-29T07:00:00"  methodCode="1"  sourceCode="1"  qualityControlLevelCode="1" >0</value><value censorCode="nc" dateTime="2014-10-30T00:00:00" timeOffset="-7" dateTimeUTC="2014-10-30T07:00:00"  methodCode="1"  sourceCode="1"  qualityControlLevelCode="1" >0</value><value censorCode="nc" dateTime="2014-10-31T00:00:00" timeOffset="-7" dateTimeUTC="2014-10-31T07:00:00"  methodCode="1"  sourceCode="1"  qualityControlLevelCode="1" >0</value><value censorCode="nc" dateTime="2014-11-01T00:00:00" timeOffset="-7" dateTimeUTC="2014-11-01T07:00:00"  methodCode="1"  sourceCode="1"  qualityControlLevelCode="1" >0</value><value censorCode="nc" dateTime="2014-11-02T00:00:00" timeOffset="-7" dateTimeUTC="2014-11-02T07:00:00"  methodCode="1"  sourceCode="1"  qualityControlLevelCode="1" >5.1</value><value censorCode="nc" dateTime="2014-11-03T00:00:00" timeOffset="-7" dateTimeUTC="2014-11-03T07:00:00"  methodCode="1"  sourceCode="1"  qualityControlLevelCode="1" >7.6</value><value censorCode="nc" dateTime="2014-11-04T00:00:00" timeOffset="-7" dateTimeUTC="2014-11-04T07:00:00"  methodCode="1"  sourceCode="1"  qualityControlLevelCode="1" >5.1</value><value censorCode="nc" dateTime="2014-11-05T00:00:00" timeOffset="-7" dateTimeUTC="2014-11-05T07:00:00"  methodCode="1"  sourceCode="1"  qualityControlLevelCode="1" >5.1</value><value censorCode="nc" dateTime="2014-11-06T00:00:00" timeOffset="-7" dateTimeUTC="2014-11-06T07:00:00"  methodCode="1"  sourceCode="1"  qualityControlLevelCode="1" >5.1</value><value censorCode="nc" dateTime="2014-11-07T00:00:00" timeOffset="-7" dateTimeUTC="2014-11-07T07:00:00"  methodCode="1"  sourceCode="1"  qualityControlLevelCode="1" >0</value><value censorCode="nc" dateTime="2014-11-08T00:00:00" timeOffset="-7" dateTimeUTC="2014-11-08T07:00:00"  methodCode="1"  sourceCode="1"  qualityControlLevelCode="1" >0</value><value censorCode="nc" dateTime="2014-11-09T00:00:00" timeOffset="-7" dateTimeUTC="2014-11-09T07:00:00"  methodCode="1"  sourceCode="1"  qualityControlLevelCode="1" >0</value><value censorCode="nc" dateTime="2014-11-10T00:00:00" timeOffset="-7" dateTimeUTC="2014-11-10T07:00:00"  methodCode="1"  sourceCode="1"  qualityControlLevelCode="1" >0</value><value censorCode="nc" dateTime="2014-11-11T00:00:00" timeOffset="-7" dateTimeUTC="2014-11-11T07:00:00"  methodCode="1"  sourceCode="1"  qualityControlLevelCode="1" >0</value><value censorCode="nc" dateTime="2014-11-12T00:00:00" timeOffset="-7" dateTimeUTC="2014-11-12T07:00:00"  methodCode="1"  sourceCode="1"  qualityControlLevelCode="1" >0</value><value censorCode="nc" dateTime="2014-11-13T00:00:00" timeOffset="-7" dateTimeUTC="2014-11-13T07:00:00"  methodCode="1"  sourceCode="1"  qualityControlLevelCode="1" >0</value><value censorCode="nc" dateTime="2014-11-14T00:00:00" timeOffset="-7" dateTimeUTC="2014-11-14T07:00:00"  methodCode="1"  sourceCode="1"  qualityControlLevelCode="1" >0</value><value censorCode="nc" dateTime="2014-11-15T00:00:00" timeOffset="-7" dateTimeUTC="2014-11-15T07:00:00"  methodCode="1"  sourceCode="1"  qualityControlLevelCode="1" >2.5</value><value censorCode="nc" dateTime="2014-11-16T00:00:00" timeOffset="-7" dateTimeUTC="2014-11-16T07:00:00"  methodCode="1"  sourceCode="1"  qualityControlLevelCode="1" >5.1</value><value censorCode="nc" dateTime="2014-11-17T00:00:00" timeOffset="-7" dateTimeUTC="2014-11-17T07:00:00"  methodCode="1"  sourceCode="1"  qualityControlLevelCode="1" >5.1</value><value censorCode="nc" dateTime="2014-11-18T00:00:00" timeOffset="-7" dateTimeUTC="2014-11-18T07:00:00"  methodCode="1"  sourceCode="1"  qualityControlLevelCode="1" >5.1</value><value censorCode="nc" dateTime="2014-11-19T00:00:00" timeOffset="-7" dateTimeUTC="2014-11-19T07:00:00"  methodCode="1"  sourceCode="1"  qualityControlLevelCode="1" >7.6</value><value censorCode="nc" dateTime="2014-11-20T00:00:00" timeOffset="-7" dateTimeUTC="2014-11-20T07:00:00"  methodCode="1"  sourceCode="1"  qualityControlLevelCode="1" >7.6</value><value censorCode="nc" dateTime="2014-11-21T00:00:00" timeOffset="-7" dateTimeUTC="2014-11-21T07:00:00"  methodCode="1"  sourceCode="1"  qualityControlLevelCode="1" >7.6</value><value censorCode="nc" dateTime="2014-11-22T00:00:00" timeOffset="-7" dateTimeUTC="2014-11-22T07:00:00"  methodCode="1"  sourceCode="1"  qualityControlLevelCode="1" >10.2</value><value censorCode="nc" dateTime="2014-11-23T00:00:00" timeOffset="-7" dateTimeUTC="2014-11-23T07:00:00"  methodCode="1"  sourceCode="1"  qualityControlLevelCode="1" >25.4</value><value censorCode="nc" dateTime="2014-11-24T00:00:00" timeOffset="-7" dateTimeUTC="2014-11-24T07:00:00"  methodCode="1"  sourceCode="1"  qualityControlLevelCode="1" >27.9</value><value censorCode="nc" dateTime="2014-11-25T00:00:00" timeOffset="-7" dateTimeUTC="2014-11-25T07:00:00"  methodCode="1"  sourceCode="1"  qualityControlLevelCode="1" >30.5</value><value censorCode="nc" dateTime="2014-11-26T00:00:00" timeOffset="-7" dateTimeUTC="2014-11-26T07:00:00"  methodCode="1"  sourceCode="1"  qualityControlLevelCode="1" >33</value><value censorCode="nc" dateTime="2014-11-27T00:00:00" timeOffset="-7" dateTimeUTC="2014-11-27T07:00:00"  methodCode="1"  sourceCode="1"  qualityControlLevelCode="1" >30.5</value><value censorCode="nc" dateTime="2014-11-28T00:00:00" timeOffset="-7" dateTimeUTC="2014-11-28T07:00:00"  methodCode="1"  sourceCode="1"  qualityControlLevelCode="1" >25.4</value><value censorCode="nc" dateTime="2014-11-29T00:00:00" timeOffset="-7" dateTimeUTC="2014-11-29T07:00:00"  methodCode="1"  sourceCode="1"  qualityControlLevelCode="1" >25.4</value><value censorCode="nc" dateTime="2014-11-30T00:00:00" timeOffset="-7" dateTimeUTC="2014-11-30T07:00:00"  methodCode="1"  sourceCode="1"  qualityControlLevelCode="1" >25.4</value><value censorCode="nc" dateTime="2014-12-01T00:00:00" timeOffset="-7" dateTimeUTC="2014-12-01T07:00:00"  methodCode="1"  sourceCode="1"  qualityControlLevelCode="1" >25.4</value><value censorCode="nc" dateTime="2014-12-02T00:00:00" timeOffset="-7" dateTimeUTC="2014-12-02T07:00:00"  methodCode="1"  sourceCode="1"  qualityControlLevelCode="1" >25.4</value><value censorCode="nc" dateTime="2014-12-03T00:00:00" timeOffset="-7" dateTimeUTC="2014-12-03T07:00:00"  methodCode="1"  sourceCode="1"  qualityControlLevelCode="1" >25.4</value><value censorCode="nc" dateTime="2014-12-04T00:00:00" timeOffset="-7" dateTimeUTC="2014-12-04T07:00:00"  methodCode="1"  sourceCode="1"  qualityControlLevelCode="1" >25.4</value><value censorCode="nc" dateTime="2014-12-05T00:00:00" timeOffset="-7" dateTimeUTC="2014-12-05T07:00:00"  methodCode="1"  sourceCode="1"  qualityControlLevelCode="1" >25.4</value><value censorCode="nc" dateTime="2014-12-06T00:00:00" timeOffset="-7" dateTimeUTC="2014-12-06T07:00:00"  methodCode="1"  sourceCode="1"  qualityControlLevelCode="1" >25.4</value><value censorCode="nc" dateTime="2014-12-07T00:00:00" timeOffset="-7" dateTimeUTC="2014-12-07T07:00:00"  methodCode="1"  sourceCode="1"  qualityControlLevelCode="1" >25.4</value><value censorCode="nc" dateTime="2014-12-08T00:00:00" timeOffset="-7" dateTimeUTC="2014-12-08T07:00:00"  methodCode="1"  sourceCode="1"  qualityControlLevelCode="1" >25.4</value><value censorCode="nc" dateTime="2014-12-09T00:00:00" timeOffset="-7" dateTimeUTC="2014-12-09T07:00:00"  methodCode="1"  sourceCode="1"  qualityControlLevelCode="1" >25.4</value><value censorCode="nc" dateTime="2014-12-10T00:00:00" timeOffset="-7" dateTimeUTC="2014-12-10T07:00:00"  methodCode="1"  sourceCode="1"  qualityControlLevelCode="1" >25.4</value><value censorCode="nc" dateTime="2014-12-11T00:00:00" timeOffset="-7" dateTimeUTC="2014-12-11T07:00:00"  methodCode="1"  sourceCode="1"  qualityControlLevelCode="1" >27.9</value><value censorCode="nc" dateTime="2014-12-12T00:00:00" timeOffset="-7" dateTimeUTC="2014-12-12T07:00:00"  methodCode="1"  sourceCode="1"  qualityControlLevelCode="1" >27.9</value><value censorCode="nc" dateTime="2014-12-13T00:00:00" timeOffset="-7" dateTimeUTC="2014-12-13T07:00:00"  methodCode="1"  sourceCode="1"  qualityControlLevelCode="1" >27.9</value><value censorCode="nc" dateTime="2014-12-14T00:00:00" timeOffset="-7" dateTimeUTC="2014-12-14T07:00:00"  methodCode="1"  sourceCode="1"  qualityControlLevelCode="1" >30.5</value><value censorCode="nc" dateTime="2014-12-15T00:00:00" timeOffset="-7" dateTimeUTC="2014-12-15T07:00:00"  methodCode="1"  sourceCode="1"  qualityControlLevelCode="1" >30.5</value><value censorCode="nc" dateTime="2014-12-16T00:00:00" timeOffset="-7" dateTimeUTC="2014-12-16T07:00:00"  methodCode="1"  sourceCode="1"  qualityControlLevelCode="1" >27.9</value><value censorCode="nc" dateTime="2014-12-17T00:00:00" timeOffset="-7" dateTimeUTC="2014-12-17T07:00:00"  methodCode="1"  sourceCode="1"  qualityControlLevelCode="1" >30.5</value><value censorCode="nc" dateTime="2014-12-18T00:00:00" timeOffset="-7" dateTimeUTC="2014-12-18T07:00:00"  methodCode="1"  sourceCode="1"  qualityControlLevelCode="1" >33</value><value censorCode="nc" dateTime="2014-12-19T00:00:00" timeOffset="-7" dateTimeUTC="2014-12-19T07:00:00"  methodCode="1"  sourceCode="1"  qualityControlLevelCode="1" >27.9</value><value censorCode="nc" dateTime="2014-12-20T00:00:00" timeOffset="-7" dateTimeUTC="2014-12-20T07:00:00"  methodCode="1"  sourceCode="1"  qualityControlLevelCode="1" >30.5</value><value censorCode="nc" dateTime="2014-12-21T00:00:00" timeOffset="-7" dateTimeUTC="2014-12-21T07:00:00"  methodCode="1"  sourceCode="1"  qualityControlLevelCode="1" >35.6</value><value censorCode="nc" dateTime="2014-12-22T00:00:00" timeOffset="-7" dateTimeUTC="2014-12-22T07:00:00"  methodCode="1"  sourceCode="1"  qualityControlLevelCode="1" >58.4</value><value censorCode="nc" dateTime="2014-12-23T00:00:00" timeOffset="-7" dateTimeUTC="2014-12-23T07:00:00"  methodCode="1"  sourceCode="1"  qualityControlLevelCode="1" >73.7</value><value censorCode="nc" dateTime="2014-12-24T00:00:00" timeOffset="-7" dateTimeUTC="2014-12-24T07:00:00"  methodCode="1"  sourceCode="1"  qualityControlLevelCode="1" >71.1</value><value censorCode="nc" dateTime="2014-12-25T00:00:00" timeOffset="-7" dateTimeUTC="2014-12-25T07:00:00"  methodCode="1"  sourceCode="1"  qualityControlLevelCode="1" >73.7</value><value censorCode="nc" dateTime="2014-12-26T00:00:00" timeOffset="-7" dateTimeUTC="2014-12-26T07:00:00"  methodCode="1"  sourceCode="1"  qualityControlLevelCode="1" >81.3</value><value censorCode="nc" dateTime="2014-12-27T00:00:00" timeOffset="-7" dateTimeUTC="2014-12-27T07:00:00"  methodCode="1"  sourceCode="1"  qualityControlLevelCode="1" >78.7</value><value censorCode="nc" dateTime="2014-12-28T00:00:00" timeOffset="-7" dateTimeUTC="2014-12-28T07:00:00"  methodCode="1"  sourceCode="1"  qualityControlLevelCode="1" >78.7</value><value censorCode="nc" dateTime="2014-12-29T00:00:00" timeOffset="-7" dateTimeUTC="2014-12-29T07:00:00"  methodCode="1"  sourceCode="1"  qualityControlLevelCode="1" >86.4</value><value censorCode="nc" dateTime="2014-12-30T00:00:00" timeOffset="-7" dateTimeUTC="2014-12-30T07:00:00"  methodCode="1"  sourceCode="1"  qualityControlLevelCode="1" >91.4</value><value censorCode="nc" dateTime="2014-12-31T00:00:00" timeOffset="-7" dateTimeUTC="2014-12-31T07:00:00"  methodCode="1"  sourceCode="1"  qualityControlLevelCode="1" >88.9</value><value censorCode="nc" dateTime="2015-01-01T00:00:00" timeOffset="-7" dateTimeUTC="2015-01-01T07:00:00"  methodCode="1"  sourceCode="1"  qualityControlLevelCode="1" >83.8</value><value censorCode="nc" dateTime="2015-01-02T00:00:00" timeOffset="-7" dateTimeUTC="2015-01-02T07:00:00"  methodCode="1"  sourceCode="1"  qualityControlLevelCode="1" >83.8</value><value censorCode="nc" dateTime="2015-01-03T00:00:00" timeOffset="-7" dateTimeUTC="2015-01-03T07:00:00"  methodCode="1"  sourceCode="1"  qualityControlLevelCode="1" >81.3</value><value censorCode="nc" dateTime="2015-01-04T00:00:00" timeOffset="-7" dateTimeUTC="2015-01-04T07:00:00"  methodCode="1"  sourceCode="1"  qualityControlLevelCode="1" >78.7</value><value censorCode="nc" dateTime="2015-01-05T00:00:00" timeOffset="-7" dateTimeUTC="2015-01-05T07:00:00"  methodCode="1"  sourceCode="1"  qualityControlLevelCode="1" >78.7</value><value censorCode="nc" dateTime="2015-01-06T00:00:00" timeOffset="-7" dateTimeUTC="2015-01-06T07:00:00"  methodCode="1"  sourceCode="1"  qualityControlLevelCode="1" >76.2</value><value censorCode="nc" dateTime="2015-01-07T00:00:00" timeOffset="-7" dateTimeUTC="2015-01-07T07:00:00"  methodCode="1"  sourceCode="1"  qualityControlLevelCode="1" >73.7</value><value censorCode="nc" dateTime="2015-01-08T00:00:00" timeOffset="-7" dateTimeUTC="2015-01-08T07:00:00"  methodCode="1"  sourceCode="1"  qualityControlLevelCode="1" >73.7</value><value censorCode="nc" dateTime="2015-01-09T00:00:00" timeOffset="-7" dateTimeUTC="2015-01-09T07:00:00"  methodCode="1"  sourceCode="1"  qualityControlLevelCode="1" >73.7</value><value censorCode="nc" dateTime="2015-01-10T00:00:00" timeOffset="-7" dateTimeUTC="2015-01-10T07:00:00"  methodCode="1"  sourceCode="1"  qualityControlLevelCode="1" >73.7</value><value censorCode="nc" dateTime="2015-01-11T00:00:00" timeOffset="-7" dateTimeUTC="2015-01-11T07:00:00"  methodCode="1"  sourceCode="1"  qualityControlLevelCode="1" >76.2</value><value censorCode="nc" dateTime="2015-01-12T00:00:00" timeOffset="-7" dateTimeUTC="2015-01-12T07:00:00"  methodCode="1"  sourceCode="1"  qualityControlLevelCode="1" >78.7</value><value censorCode="nc" dateTime="2015-01-13T00:00:00" timeOffset="-7" dateTimeUTC="2015-01-13T07:00:00"  methodCode="1"  sourceCode="1"  qualityControlLevelCode="1" >114.3</value><value censorCode="nc" dateTime="2015-01-14T00:00:00" timeOffset="-7" dateTimeUTC="2015-01-14T07:00:00"  methodCode="1"  sourceCode="1"  qualityControlLevelCode="1" >111.8</value><value censorCode="nc" dateTime="2015-01-15T00:00:00" timeOffset="-7" dateTimeUTC="2015-01-15T07:00:00"  methodCode="1"  sourceCode="1"  qualityControlLevelCode="1" >101.6</value><value censorCode="nc" dateTime="2015-01-16T00:00:00" timeOffset="-7" dateTimeUTC="2015-01-16T07:00:00"  methodCode="1"  sourceCode="1"  qualityControlLevelCode="1" >99.1</value><value censorCode="nc" dateTime="2015-01-17T00:00:00" timeOffset="-7" dateTimeUTC="2015-01-17T07:00:00"  methodCode="1"  sourceCode="1"  qualityControlLevelCode="1" >96.5</value><value censorCode="nc" dateTime="2015-01-18T00:00:00" timeOffset="-7" dateTimeUTC="2015-01-18T07:00:00"  methodCode="1"  sourceCode="1"  qualityControlLevelCode="1" >94</value><value censorCode="nc" dateTime="2015-01-19T00:00:00" timeOffset="-7" dateTimeUTC="2015-01-19T07:00:00"  methodCode="1"  sourceCode="1"  qualityControlLevelCode="1" >94</value><value censorCode="nc" dateTime="2015-01-20T00:00:00" timeOffset="-7" dateTimeUTC="2015-01-20T07:00:00"  methodCode="1"  sourceCode="1"  qualityControlLevelCode="1" >94</value><value censorCode="nc" dateTime="2015-01-21T00:00:00" timeOffset="-7" dateTimeUTC="2015-01-21T07:00:00"  methodCode="1"  sourceCode="1"  qualityControlLevelCode="1" >94</value><value censorCode="nc" dateTime="2015-01-22T00:00:00" timeOffset="-7" dateTimeUTC="2015-01-22T07:00:00"  methodCode="1"  sourceCode="1"  qualityControlLevelCode="1" >91.4</value><value censorCode="nc" dateTime="2015-01-23T00:00:00" timeOffset="-7" dateTimeUTC="2015-01-23T07:00:00"  methodCode="1"  sourceCode="1"  qualityControlLevelCode="1" >91.4</value><value censorCode="nc" dateTime="2015-01-24T00:00:00" timeOffset="-7" dateTimeUTC="2015-01-24T07:00:00"  methodCode="1"  sourceCode="1"  qualityControlLevelCode="1" >91.4</value><value censorCode="nc" dateTime="2015-01-25T00:00:00" timeOffset="-7" dateTimeUTC="2015-01-25T07:00:00"  methodCode="1"  sourceCode="1"  qualityControlLevelCode="1" >91.4</value><value censorCode="nc" dateTime="2015-01-26T00:00:00" timeOffset="-7" dateTimeUTC="2015-01-26T07:00:00"  methodCode="1"  sourceCode="1"  qualityControlLevelCode="1" >86.4</value><value censorCode="nc" dateTime="2015-01-27T00:00:00" timeOffset="-7" dateTimeUTC="2015-01-27T07:00:00"  methodCode="1"  sourceCode="1"  qualityControlLevelCode="1" >86.4</value><value censorCode="nc" dateTime="2015-01-28T00:00:00" timeOffset="-7" dateTimeUTC="2015-01-28T07:00:00"  methodCode="1"  sourceCode="1"  qualityControlLevelCode="1" >86.4</value><value censorCode="nc" dateTime="2015-01-29T00:00:00" timeOffset="-7" dateTimeUTC="2015-01-29T07:00:00"  methodCode="1"  sourceCode="1"  qualityControlLevelCode="1" >86.4</value><value censorCode="nc" dateTime="2015-01-30T00:00:00" timeOffset="-7" dateTimeUTC="2015-01-30T07:00:00"  methodCode="1"  sourceCode="1"  qualityControlLevelCode="1" >83.8</value><value censorCode="nc" dateTime="2015-01-31T00:00:00" timeOffset="-7" dateTimeUTC="2015-01-31T07:00:00"  methodCode="1"  sourceCode="1"  qualityControlLevelCode="1" >86.4</value><value censorCode="nc" dateTime="2015-02-01T00:00:00" timeOffset="-7" dateTimeUTC="2015-02-01T07:00:00"  methodCode="1"  sourceCode="1"  qualityControlLevelCode="1" >88.9</value><value censorCode="nc" dateTime="2015-02-02T00:00:00" timeOffset="-7" dateTimeUTC="2015-02-02T07:00:00"  methodCode="1"  sourceCode="1"  qualityControlLevelCode="1" >86.4</value><value censorCode="nc" dateTime="2015-02-03T00:00:00" timeOffset="-7" dateTimeUTC="2015-02-03T07:00:00"  methodCode="1"  sourceCode="1"  qualityControlLevelCode="1" >86.4</value><value censorCode="nc" dateTime="2015-02-04T00:00:00" timeOffset="-7" dateTimeUTC="2015-02-04T07:00:00"  methodCode="1"  sourceCode="1"  qualityControlLevelCode="1" >86.4</value><value censorCode="nc" dateTime="2015-02-05T00:00:00" timeOffset="-7" dateTimeUTC="2015-02-05T07:00:00"  methodCode="1"  sourceCode="1"  qualityControlLevelCode="1" >86.4</value><value censorCode="nc" dateTime="2015-02-06T00:00:00" timeOffset="-7" dateTimeUTC="2015-02-06T07:00:00"  methodCode="1"  sourceCode="1"  qualityControlLevelCode="1" >83.8</value><value censorCode="nc" dateTime="2015-02-07T00:00:00" timeOffset="-7" dateTimeUTC="2015-02-07T07:00:00"  methodCode="1"  sourceCode="1"  qualityControlLevelCode="1" >81.3</value><value censorCode="nc" dateTime="2015-02-08T00:00:00" timeOffset="-7" dateTimeUTC="2015-02-08T07:00:00"  methodCode="1"  sourceCode="1"  qualityControlLevelCode="1" >81.3</value><value censorCode="nc" dateTime="2015-02-09T00:00:00" timeOffset="-7" dateTimeUTC="2015-02-09T07:00:00"  methodCode="1"  sourceCode="1"  qualityControlLevelCode="1" >81.3</value><value censorCode="nc" dateTime="2015-02-10T00:00:00" timeOffset="-7" dateTimeUTC="2015-02-10T07:00:00"  methodCode="1"  sourceCode="1"  qualityControlLevelCode="1" >81.3</value><value censorCode="nc" dateTime="2015-02-11T00:00:00" timeOffset="-7" dateTimeUTC="2015-02-11T07:00:00"  methodCode="1"  sourceCode="1"  qualityControlLevelCode="1" >81.3</value><value censorCode="nc" dateTime="2015-02-12T00:00:00" timeOffset="-7" dateTimeUTC="2015-02-12T07:00:00"  methodCode="1"  sourceCode="1"  qualityControlLevelCode="1" >81.3</value><value censorCode="nc" dateTime="2015-02-13T00:00:00" timeOffset="-7" dateTimeUTC="2015-02-13T07:00:00"  methodCode="1"  sourceCode="1"  qualityControlLevelCode="1" >81.3</value><value censorCode="nc" dateTime="2015-02-14T00:00:00" timeOffset="-7" dateTimeUTC="2015-02-14T07:00:00"  methodCode="1"  sourceCode="1"  qualityControlLevelCode="1" >76.2</value><value censorCode="nc" dateTime="2015-02-15T00:00:00" timeOffset="-7" dateTimeUTC="2015-02-15T07:00:00"  methodCode="1"  sourceCode="1"  qualityControlLevelCode="1" >73.7</value><value censorCode="nc" dateTime="2015-02-16T00:00:00" timeOffset="-7" dateTimeUTC="2015-02-16T07:00:00"  methodCode="1"  sourceCode="1"  qualityControlLevelCode="1" >73.7</value><value censorCode="nc" dateTime="2015-02-17T00:00:00" timeOffset="-7" dateTimeUTC="2015-02-17T07:00:00"  methodCode="1"  sourceCode="1"  qualityControlLevelCode="1" >71.1</value><value censorCode="nc" dateTime="2015-02-18T00:00:00" timeOffset="-7" dateTimeUTC="2015-02-18T07:00:00"  methodCode="1"  sourceCode="1"  qualityControlLevelCode="1" >73.7</value><value censorCode="nc" dateTime="2015-02-19T00:00:00" timeOffset="-7" dateTimeUTC="2015-02-19T07:00:00"  methodCode="1"  sourceCode="1"  qualityControlLevelCode="1" >71.1</value><value censorCode="nc" dateTime="2015-02-20T00:00:00" timeOffset="-7" dateTimeUTC="2015-02-20T07:00:00"  methodCode="1"  sourceCode="1"  qualityControlLevelCode="1" >71.1</value><value censorCode="nc" dateTime="2015-02-21T00:00:00" timeOffset="-7" dateTimeUTC="2015-02-21T07:00:00"  methodCode="1"  sourceCode="1"  qualityControlLevelCode="1" >71.1</value><value censorCode="nc" dateTime="2015-02-22T00:00:00" timeOffset="-7" dateTimeUTC="2015-02-22T07:00:00"  methodCode="1"  sourceCode="1"  qualityControlLevelCode="1" >71.1</value><value censorCode="nc" dateTime="2015-02-23T00:00:00" timeOffset="-7" dateTimeUTC="2015-02-23T07:00:00"  methodCode="1"  sourceCode="1"  qualityControlLevelCode="1" >71.1</value><value censorCode="nc" dateTime="2015-02-24T00:00:00" timeOffset="-7" dateTimeUTC="2015-02-24T07:00:00"  methodCode="1"  sourceCode="1"  qualityControlLevelCode="1" >71.1</value><value censorCode="nc" dateTime="2015-02-25T00:00:00" timeOffset="-7" dateTimeUTC="2015-02-25T07:00:00"  methodCode="1"  sourceCode="1"  qualityControlLevelCode="1" >71.1</value><value censorCode="nc" dateTime="2015-02-26T00:00:00" timeOffset="-7" dateTimeUTC="2015-02-26T07:00:00"  methodCode="1"  sourceCode="1"  qualityControlLevelCode="1" >71.1</value><value censorCode="nc" dateTime="2015-02-27T00:00:00" timeOffset="-7" dateTimeUTC="2015-02-27T07:00:00"  methodCode="1"  sourceCode="1"  qualityControlLevelCode="1" >71.1</value><value censorCode="nc" dateTime="2015-02-28T00:00:00" timeOffset="-7" dateTimeUTC="2015-02-28T07:00:00"  methodCode="1"  sourceCode="1"  qualityControlLevelCode="1" >73.7</value><value censorCode="nc" dateTime="2015-03-01T00:00:00" timeOffset="-7" dateTimeUTC="2015-03-01T07:00:00"  methodCode="1"  sourceCode="1"  qualityControlLevelCode="1" >81.3</value><value censorCode="nc" dateTime="2015-03-02T00:00:00" timeOffset="-7" dateTimeUTC="2015-03-02T07:00:00"  methodCode="1"  sourceCode="1"  qualityControlLevelCode="1" >88.9</value><value censorCode="nc" dateTime="2015-03-03T00:00:00" timeOffset="-7" dateTimeUTC="2015-03-03T07:00:00"  methodCode="1"  sourceCode="1"  qualityControlLevelCode="1" >106.7</value><value censorCode="nc" dateTime="2015-03-04T00:00:00" timeOffset="-7" dateTimeUTC="2015-03-04T07:00:00"  methodCode="1"  sourceCode="1"  qualityControlLevelCode="1" >111.8</value><value censorCode="nc" dateTime="2015-03-05T00:00:00" timeOffset="-7" dateTimeUTC="2015-03-05T07:00:00"  methodCode="1"  sourceCode="1"  qualityControlLevelCode="1" >106.7</value><value censorCode="nc" dateTime="2015-03-06T00:00:00" timeOffset="-7" dateTimeUTC="2015-03-06T07:00:00"  methodCode="1"  sourceCode="1"  qualityControlLevelCode="1" >104.1</value><value censorCode="nc" dateTime="2015-03-07T00:00:00" timeOffset="-7" dateTimeUTC="2015-03-07T07:00:00"  methodCode="1"  sourceCode="1"  qualityControlLevelCode="1" >101.6</value><value censorCode="nc" dateTime="2015-03-08T00:00:00" timeOffset="-7" dateTimeUTC="2015-03-08T07:00:00"  methodCode="1"  sourceCode="1"  qualityControlLevelCode="1" >96.5</value><value censorCode="nc" dateTime="2015-03-09T00:00:00" timeOffset="-7" dateTimeUTC="2015-03-09T07:00:00"  methodCode="1"  sourceCode="1"  qualityControlLevelCode="1" >91.4</value><value censorCode="nc" dateTime="2015-03-10T00:00:00" timeOffset="-7" dateTimeUTC="2015-03-10T07:00:00"  methodCode="1"  sourceCode="1"  qualityControlLevelCode="1" >88.9</value><value censorCode="nc" dateTime="2015-03-11T00:00:00" timeOffset="-7" dateTimeUTC="2015-03-11T07:00:00"  methodCode="1"  sourceCode="1"  qualityControlLevelCode="1" >86.4</value><value censorCode="nc" dateTime="2015-03-12T00:00:00" timeOffset="-7" dateTimeUTC="2015-03-12T07:00:00"  methodCode="1"  sourceCode="1"  qualityControlLevelCode="1" >86.4</value><value censorCode="nc" dateTime="2015-03-13T00:00:00" timeOffset="-7" dateTimeUTC="2015-03-13T07:00:00"  methodCode="1"  sourceCode="1"  qualityControlLevelCode="1" >83.8</value><value censorCode="nc" dateTime="2015-03-14T00:00:00" timeOffset="-7" dateTimeUTC="2015-03-14T07:00:00"  methodCode="1"  sourceCode="1"  qualityControlLevelCode="1" >81.3</value><value censorCode="nc" dateTime="2015-03-15T00:00:00" timeOffset="-7" dateTimeUTC="2015-03-15T07:00:00"  methodCode="1"  sourceCode="1"  qualityControlLevelCode="1" >78.7</value><value censorCode="nc" dateTime="2015-03-16T00:00:00" timeOffset="-7" dateTimeUTC="2015-03-16T07:00:00"  methodCode="1"  sourceCode="1"  qualityControlLevelCode="1" >73.7</value><value censorCode="nc" dateTime="2015-03-17T00:00:00" timeOffset="-7" dateTimeUTC="2015-03-17T07:00:00"  methodCode="1"  sourceCode="1"  qualityControlLevelCode="1" >68.6</value><value censorCode="nc" dateTime="2015-03-18T00:00:00" timeOffset="-7" dateTimeUTC="2015-03-18T07:00:00"  methodCode="1"  sourceCode="1"  qualityControlLevelCode="1" >68.6</value><value censorCode="nc" dateTime="2015-03-19T00:00:00" timeOffset="-7" dateTimeUTC="2015-03-19T07:00:00"  methodCode="1"  sourceCode="1"  qualityControlLevelCode="1" >63.5</value><value censorCode="nc" dateTime="2015-03-20T00:00:00" timeOffset="-7" dateTimeUTC="2015-03-20T07:00:00"  methodCode="1"  sourceCode="1"  qualityControlLevelCode="1" >63.5</value><value censorCode="nc" dateTime="2015-03-21T00:00:00" timeOffset="-7" dateTimeUTC="2015-03-21T07:00:00"  methodCode="1"  sourceCode="1"  qualityControlLevelCode="1" >58.4</value><value censorCode="nc" dateTime="2015-03-22T00:00:00" timeOffset="-7" dateTimeUTC="2015-03-22T07:00:00"  methodCode="1"  sourceCode="1"  qualityControlLevelCode="1" >55.9</value><value censorCode="nc" dateTime="2015-03-23T00:00:00" timeOffset="-7" dateTimeUTC="2015-03-23T07:00:00"  methodCode="1"  sourceCode="1"  qualityControlLevelCode="1" >53.3</value><value censorCode="nc" dateTime="2015-03-24T00:00:00" timeOffset="-7" dateTimeUTC="2015-03-24T07:00:00"  methodCode="1"  sourceCode="1"  qualityControlLevelCode="1" >61</value><value censorCode="nc" dateTime="2015-03-25T00:00:00" timeOffset="-7" dateTimeUTC="2015-03-25T07:00:00"  methodCode="1"  sourceCode="1"  qualityControlLevelCode="1" >55.9</value><value censorCode="nc" dateTime="2015-03-26T00:00:00" timeOffset="-7" dateTimeUTC="2015-03-26T07:00:00"  methodCode="1"  sourceCode="1"  qualityControlLevelCode="1" >53.3</value><value censorCode="nc" dateTime="2015-03-27T00:00:00" timeOffset="-7" dateTimeUTC="2015-03-27T07:00:00"  methodCode="1"  sourceCode="1"  qualityControlLevelCode="1" >50.8</value><value censorCode="nc" dateTime="2015-03-28T00:00:00" timeOffset="-7" dateTimeUTC="2015-03-28T07:00:00"  methodCode="1"  sourceCode="1"  qualityControlLevelCode="1" >45.7</value><value censorCode="nc" dateTime="2015-03-29T00:00:00" timeOffset="-7" dateTimeUTC="2015-03-29T07:00:00"  methodCode="1"  sourceCode="1"  qualityControlLevelCode="1" >38.1</value><value censorCode="nc" dateTime="2015-03-30T00:00:00" timeOffset="-7" dateTimeUTC="2015-03-30T07:00:00"  methodCode="1"  sourceCode="1"  qualityControlLevelCode="1" >35.6</value><value censorCode="nc" dateTime="2015-03-31T00:00:00" timeOffset="-7" dateTimeUTC="2015-03-31T07:00:00"  methodCode="1"  sourceCode="1"  qualityControlLevelCode="1" >33</value><value censorCode="nc" dateTime="2015-04-01T00:00:00" timeOffset="-7" dateTimeUTC="2015-04-01T07:00:00"  methodCode="1"  sourceCode="1"  qualityControlLevelCode="1" >30.5</value><value censorCode="nc" dateTime="2015-04-02T00:00:00" timeOffset="-7" dateTimeUTC="2015-04-02T07:00:00"  methodCode="1"  sourceCode="1"  qualityControlLevelCode="1" >27.9</value><value censorCode="nc" dateTime="2015-04-03T00:00:00" timeOffset="-7" dateTimeUTC="2015-04-03T07:00:00"  methodCode="1"  sourceCode="1"  qualityControlLevelCode="1" >25.4</value><value censorCode="nc" dateTime="2015-04-04T00:00:00" timeOffset="-7" dateTimeUTC="2015-04-04T07:00:00"  methodCode="1"  sourceCode="1"  qualityControlLevelCode="1" >22.9</value><value censorCode="nc" dateTime="2015-04-05T00:00:00" timeOffset="-7" dateTimeUTC="2015-04-05T07:00:00"  methodCode="1"  sourceCode="1"  qualityControlLevelCode="1" >17.8</value><value censorCode="nc" dateTime="2015-04-06T00:00:00" timeOffset="-7" dateTimeUTC="2015-04-06T07:00:00"  methodCode="1"  sourceCode="1"  qualityControlLevelCode="1" >12.7</value><value censorCode="nc" dateTime="2015-04-07T00:00:00" timeOffset="-7" dateTimeUTC="2015-04-07T07:00:00"  methodCode="1"  sourceCode="1"  qualityControlLevelCode="1" >12.7</value><value censorCode="nc" dateTime="2015-04-08T00:00:00" timeOffset="-7" dateTimeUTC="2015-04-08T07:00:00"  methodCode="1"  sourceCode="1"  qualityControlLevelCode="1" >10.2</value><value censorCode="nc" dateTime="2015-04-09T00:00:00" timeOffset="-7" dateTimeUTC="2015-04-09T07:00:00"  methodCode="1"  sourceCode="1"  qualityControlLevelCode="1" >15.2</value><value censorCode="nc" dateTime="2015-04-10T00:00:00" timeOffset="-7" dateTimeUTC="2015-04-10T07:00:00"  methodCode="1"  sourceCode="1"  qualityControlLevelCode="1" >7.6</value><value censorCode="nc" dateTime="2015-04-11T00:00:00" timeOffset="-7" dateTimeUTC="2015-04-11T07:00:00"  methodCode="1"  sourceCode="1"  qualityControlLevelCode="1" >0</value><value censorCode="nc" dateTime="2015-04-12T00:00:00" timeOffset="-7" dateTimeUTC="2015-04-12T07:00:00"  methodCode="1"  sourceCode="1"  qualityControlLevelCode="1" >0</value><value censorCode="nc" dateTime="2015-04-13T00:00:00" timeOffset="-7" dateTimeUTC="2015-04-13T07:00:00"  methodCode="1"  sourceCode="1"  qualityControlLevelCode="1" >0</value><value censorCode="nc" dateTime="2015-04-14T00:00:00" timeOffset="-7" dateTimeUTC="2015-04-14T07:00:00"  methodCode="1"  sourceCode="1"  qualityControlLevelCode="1" >0</value><value censorCode="nc" dateTime="2015-04-15T00:00:00" timeOffset="-7" dateTimeUTC="2015-04-15T07:00:00"  methodCode="1"  sourceCode="1"  qualityControlLevelCode="1" >5.1</value><value censorCode="nc" dateTime="2015-04-16T00:00:00" timeOffset="-7" dateTimeUTC="2015-04-16T07:00:00"  methodCode="1"  sourceCode="1"  qualityControlLevelCode="1" >7.6</value><value censorCode="nc" dateTime="2015-04-17T00:00:00" timeOffset="-7" dateTimeUTC="2015-04-17T07:00:00"  methodCode="1"  sourceCode="1"  qualityControlLevelCode="1" >5.1</value><value censorCode="nc" dateTime="2015-04-18T00:00:00" timeOffset="-7" dateTimeUTC="2015-04-18T07:00:00"  methodCode="1"  sourceCode="1"  qualityControlLevelCode="1" >0</value><value censorCode="nc" dateTime="2015-04-19T00:00:00" timeOffset="-7" dateTimeUTC="2015-04-19T07:00:00"  methodCode="1"  sourceCode="1"  qualityControlLevelCode="1" >0</value><value censorCode="nc" dateTime="2015-04-20T00:00:00" timeOffset="-7" dateTimeUTC="2015-04-20T07:00:00"  methodCode="1"  sourceCode="1"  qualityControlLevelCode="1" >0</value><value censorCode="nc" dateTime="2015-04-21T00:00:00" timeOffset="-7" dateTimeUTC="2015-04-21T07:00:00"  methodCode="1"  sourceCode="1"  qualityControlLevelCode="1" >0</value><value censorCode="nc" dateTime="2015-04-22T00:00:00" timeOffset="-7" dateTimeUTC="2015-04-22T07:00:00"  methodCode="1"  sourceCode="1"  qualityControlLevelCode="1" >0</value><value censorCode="nc" dateTime="2015-04-23T00:00:00" timeOffset="-7" dateTimeUTC="2015-04-23T07:00:00"  methodCode="1"  sourceCode="1"  qualityControlLevelCode="1" >0</value><value censorCode="nc" dateTime="2015-04-24T00:00:00" timeOffset="-7" dateTimeUTC="2015-04-24T07:00:00"  methodCode="1"  sourceCode="1"  qualityControlLevelCode="1" >0</value><value censorCode="nc" dateTime="2015-04-25T00:00:00" timeOffset="-7" dateTimeUTC="2015-04-25T07:00:00"  methodCode="1"  sourceCode="1"  qualityControlLevelCode="1" >0</value><value censorCode="nc" dateTime="2015-04-26T00:00:00" timeOffset="-7" dateTimeUTC="2015-04-26T07:00:00"  methodCode="1"  sourceCode="1"  qualityControlLevelCode="1" >0</value><value censorCode="nc" dateTime="2015-04-27T00:00:00" timeOffset="-7" dateTimeUTC="2015-04-27T07:00:00"  methodCode="1"  sourceCode="1"  qualityControlLevelCode="1" >0</value><value censorCode="nc" dateTime="2015-04-28T00:00:00" timeOffset="-7" dateTimeUTC="2015-04-28T07:00:00"  methodCode="1"  sourceCode="1"  qualityControlLevelCode="1" >0</value><value censorCode="nc" dateTime="2015-04-29T00:00:00" timeOffset="-7" dateTimeUTC="2015-04-29T07:00:00"  methodCode="1"  sourceCode="1"  qualityControlLevelCode="1" >0</value><value censorCode="nc" dateTime="2015-04-30T00:00:00" timeOffset="-7" dateTimeUTC="2015-04-30T07:00:00"  methodCode="1"  sourceCode="1"  qualityControlLevelCode="1" >0</value><value censorCode="nc" dateTime="2015-05-01T00:00:00" timeOffset="-7" dateTimeUTC="2015-05-01T07:00:00"  methodCode="1"  sourceCode="1"  qualityControlLevelCode="1" >0</value><value censorCode="nc" dateTime="2015-05-02T00:00:00" timeOffset="-7" dateTimeUTC="2015-05-02T07:00:00"  methodCode="1"  sourceCode="1"  qualityControlLevelCode="1" >0</value><value censorCode="nc" dateTime="2015-05-03T00:00:00" timeOffset="-7" dateTimeUTC="2015-05-03T07:00:00"  methodCode="1"  sourceCode="1"  qualityControlLevelCode="1" >0</value><value censorCode="nc" dateTime="2015-05-04T00:00:00" timeOffset="-7" dateTimeUTC="2015-05-04T07:00:00"  methodCode="1"  sourceCode="1"  qualityControlLevelCode="1" >0</value><value censorCode="nc" dateTime="2015-05-05T00:00:00" timeOffset="-7" dateTimeUTC="2015-05-05T07:00:00"  methodCode="1"  sourceCode="1"  qualityControlLevelCode="1" >0</value><value censorCode="nc" dateTime="2015-05-06T00:00:00" timeOffset="-7" dateTimeUTC="2015-05-06T07:00:00"  methodCode="1"  sourceCode="1"  qualityControlLevelCode="1" >0</value><value censorCode="nc" dateTime="2015-05-07T00:00:00" timeOffset="-7" dateTimeUTC="2015-05-07T07:00:00"  methodCode="1"  sourceCode="1"  qualityControlLevelCode="1" >0</value><value censorCode="nc" dateTime="2015-05-08T00:00:00" timeOffset="-7" dateTimeUTC="2015-05-08T07:00:00"  methodCode="1"  sourceCode="1"  qualityControlLevelCode="1" >0</value><value censorCode="nc" dateTime="2015-05-09T00:00:00" timeOffset="-7" dateTimeUTC="2015-05-09T07:00:00"  methodCode="1"  sourceCode="1"  qualityControlLevelCode="1" >0</value><value censorCode="nc" dateTime="2015-05-10T00:00:00" timeOffset="-7" dateTimeUTC="2015-05-10T07:00:00"  methodCode="1"  sourceCode="1"  qualityControlLevelCode="1" >0</value><value censorCode="nc" dateTime="2015-05-11T00:00:00" timeOffset="-7" dateTimeUTC="2015-05-11T07:00:00"  methodCode="1"  sourceCode="1"  qualityControlLevelCode="1" >0</value><value censorCode="nc" dateTime="2015-05-12T00:00:00" timeOffset="-7" dateTimeUTC="2015-05-12T07:00:00"  methodCode="1"  sourceCode="1"  qualityControlLevelCode="1" >0</value><value censorCode="nc" dateTime="2015-05-13T00:00:00" timeOffset="-7" dateTimeUTC="2015-05-13T07:00:00"  methodCode="1"  sourceCode="1"  qualityControlLevelCode="1" >0</value><value censorCode="nc" dateTime="2015-05-14T00:00:00" timeOffset="-7" dateTimeUTC="2015-05-14T07:00:00"  methodCode="1"  sourceCode="1"  qualityControlLevelCode="1" >0</value><value censorCode="nc" dateTime="2015-05-15T00:00:00" timeOffset="-7" dateTimeUTC="2015-05-15T07:00:00"  methodCode="1"  sourceCode="1"  qualityControlLevelCode="1" >0</value><value censorCode="nc" dateTime="2015-05-16T00:00:00" timeOffset="-7" dateTimeUTC="2015-05-16T07:00:00"  methodCode="1"  sourceCode="1"  qualityControlLevelCode="1" >0</value><value censorCode="nc" dateTime="2015-05-17T00:00:00" timeOffset="-7" dateTimeUTC="2015-05-17T07:00:00"  methodCode="1"  sourceCode="1"  qualityControlLevelCode="1" >0</value><value censorCode="nc" dateTime="2015-05-18T00:00:00" timeOffset="-7" dateTimeUTC="2015-05-18T07:00:00"  methodCode="1"  sourceCode="1"  qualityControlLevelCode="1" >0</value><value censorCode="nc" dateTime="2015-05-19T00:00:00" timeOffset="-7" dateTimeUTC="2015-05-19T07:00:00"  methodCode="1"  sourceCode="1"  qualityControlLevelCode="1" >0</value><value censorCode="nc" dateTime="2015-05-20T00:00:00" timeOffset="-7" dateTimeUTC="2015-05-20T07:00:00"  methodCode="1"  sourceCode="1"  qualityControlLevelCode="1" >0</value><value censorCode="nc" dateTime="2015-05-21T00:00:00" timeOffset="-7" dateTimeUTC="2015-05-21T07:00:00"  methodCode="1"  sourceCode="1"  qualityControlLevelCode="1" >0</value><value censorCode="nc" dateTime="2015-05-22T00:00:00" timeOffset="-7" dateTimeUTC="2015-05-22T07:00:00"  methodCode="1"  sourceCode="1"  qualityControlLevelCode="1" >0</value><value censorCode="nc" dateTime="2015-05-23T00:00:00" timeOffset="-7" dateTimeUTC="2015-05-23T07:00:00"  methodCode="1"  sourceCode="1"  qualityControlLevelCode="1" >0</value><value censorCode="nc" dateTime="2015-05-24T00:00:00" timeOffset="-7" dateTimeUTC="2015-05-24T07:00:00"  methodCode="1"  sourceCode="1"  qualityControlLevelCode="1" >0</value><value censorCode="nc" dateTime="2015-05-25T00:00:00" timeOffset="-7" dateTimeUTC="2015-05-25T07:00:00"  methodCode="1"  sourceCode="1"  qualityControlLevelCode="1" >0</value><value censorCode="nc" dateTime="2015-05-26T00:00:00" timeOffset="-7" dateTimeUTC="2015-05-26T07:00:00"  methodCode="1"  sourceCode="1"  qualityControlLevelCode="1" >0</value><value censorCode="nc" dateTime="2015-05-27T00:00:00" timeOffset="-7" dateTimeUTC="2015-05-27T07:00:00"  methodCode="1"  sourceCode="1"  qualityControlLevelCode="1" >0</value><value censorCode="nc" dateTime="2015-05-28T00:00:00" timeOffset="-7" dateTimeUTC="2015-05-28T07:00:00"  methodCode="1"  sourceCode="1"  qualityControlLevelCode="1" >0</value><value censorCode="nc" dateTime="2015-05-29T00:00:00" timeOffset="-7" dateTimeUTC="2015-05-29T07:00:00"  methodCode="1"  sourceCode="1"  qualityControlLevelCode="1" >0</value><value censorCode="nc" dateTime="2015-05-30T00:00:00" timeOffset="-7" dateTimeUTC="2015-05-30T07:00:00"  methodCode="1"  sourceCode="1"  qualityControlLevelCode="1" >0</value><value censorCode="nc" dateTime="2015-05-31T00:00:00" timeOffset="-7" dateTimeUTC="2015-05-31T07:00:00"  methodCode="1"  sourceCode="1"  qualityControlLevelCode="1" >0</value><value censorCode="nc" dateTime="2015-06-01T00:00:00" timeOffset="-7" dateTimeUTC="2015-06-01T07:00:00"  methodCode="1"  sourceCode="1"  qualityControlLevelCode="1" >0</value><value censorCode="nc" dateTime="2015-06-02T00:00:00" timeOffset="-7" dateTimeUTC="2015-06-02T07:00:00"  methodCode="1"  sourceCode="1"  qualityControlLevelCode="1" >0</value><value censorCode="nc" dateTime="2015-06-03T00:00:00" timeOffset="-7" dateTimeUTC="2015-06-03T07:00:00"  methodCode="1"  sourceCode="1"  qualityControlLevelCode="1" >0</value><value censorCode="nc" dateTime="2015-06-04T00:00:00" timeOffset="-7" dateTimeUTC="2015-06-04T07:00:00"  methodCode="1"  sourceCode="1"  qualityControlLevelCode="1" >0</value><value censorCode="nc" dateTime="2015-06-05T00:00:00" timeOffset="-7" dateTimeUTC="2015-06-05T07:00:00"  methodCode="1"  sourceCode="1"  qualityControlLevelCode="1" >0</value><value censorCode="nc" dateTime="2015-06-06T00:00:00" timeOffset="-7" dateTimeUTC="2015-06-06T07:00:00"  methodCode="1"  sourceCode="1"  qualityControlLevelCode="1" >0</value><value censorCode="nc" dateTime="2015-06-07T00:00:00" timeOffset="-7" dateTimeUTC="2015-06-07T07:00:00"  methodCode="1"  sourceCode="1"  qualityControlLevelCode="1" >0</value><value censorCode="nc" dateTime="2015-06-08T00:00:00" timeOffset="-7" dateTimeUTC="2015-06-08T07:00:00"  methodCode="1"  sourceCode="1"  qualityControlLevelCode="1" >0</value><value censorCode="nc" dateTime="2015-06-09T00:00:00" timeOffset="-7" dateTimeUTC="2015-06-09T07:00:00"  methodCode="1"  sourceCode="1"  qualityControlLevelCode="1" >0</value><value censorCode="nc" dateTime="2015-06-10T00:00:00" timeOffset="-7" dateTimeUTC="2015-06-10T07:00:00"  methodCode="1"  sourceCode="1"  qualityControlLevelCode="1" >0</value><value censorCode="nc" dateTime="2015-06-11T00:00:00" timeOffset="-7" dateTimeUTC="2015-06-11T07:00:00"  methodCode="1"  sourceCode="1"  qualityControlLevelCode="1" >0</value><value censorCode="nc" dateTime="2015-06-12T00:00:00" timeOffset="-7" dateTimeUTC="2015-06-12T07:00:00"  methodCode="1"  sourceCode="1"  qualityControlLevelCode="1" >0</value><value censorCode="nc" dateTime="2015-06-13T00:00:00" timeOffset="-7" dateTimeUTC="2015-06-13T07:00:00"  methodCode="1"  sourceCode="1"  qualityControlLevelCode="1" >0</value><value censorCode="nc" dateTime="2015-06-14T00:00:00" timeOffset="-7" dateTimeUTC="2015-06-14T07:00:00"  methodCode="1"  sourceCode="1"  qualityControlLevelCode="1" >0</value><value censorCode="nc" dateTime="2015-06-15T00:00:00" timeOffset="-7" dateTimeUTC="2015-06-15T07:00:00"  methodCode="1"  sourceCode="1"  qualityControlLevelCode="1" >0</value><value censorCode="nc" dateTime="2015-06-16T00:00:00" timeOffset="-7" dateTimeUTC="2015-06-16T07:00:00"  methodCode="1"  sourceCode="1"  qualityControlLevelCode="1" >0</value><value censorCode="nc" dateTime="2015-06-17T00:00:00" timeOffset="-7" dateTimeUTC="2015-06-17T07:00:00"  methodCode="1"  sourceCode="1"  qualityControlLevelCode="1" >0</value><value censorCode="nc" dateTime="2015-06-18T00:00:00" timeOffset="-7" dateTimeUTC="2015-06-18T07:00:00"  methodCode="1"  sourceCode="1"  qualityControlLevelCode="1" >0</value><value censorCode="nc" dateTime="2015-06-19T00:00:00" timeOffset="-7" dateTimeUTC="2015-06-19T07:00:00"  methodCode="1"  sourceCode="1"  qualityControlLevelCode="1" >0</value><value censorCode="nc" dateTime="2015-06-20T00:00:00" timeOffset="-7" dateTimeUTC="2015-06-20T07:00:00"  methodCode="1"  sourceCode="1"  qualityControlLevelCode="1" >0</value><value censorCode="nc" dateTime="2015-06-21T00:00:00" timeOffset="-7" dateTimeUTC="2015-06-21T07:00:00"  methodCode="1"  sourceCode="1"  qualityControlLevelCode="1" >0</value><value censorCode="nc" dateTime="2015-06-22T00:00:00" timeOffset="-7" dateTimeUTC="2015-06-22T07:00:00"  methodCode="1"  sourceCode="1"  qualityControlLevelCode="1" >0</value><value censorCode="nc" dateTime="2015-06-23T00:00:00" timeOffset="-7" dateTimeUTC="2015-06-23T07:00:00"  methodCode="1"  sourceCode="1"  qualityControlLevelCode="1" >0</value><value censorCode="nc" dateTime="2015-06-24T00:00:00" timeOffset="-7" dateTimeUTC="2015-06-24T07:00:00"  methodCode="1"  sourceCode="1"  qualityControlLevelCode="1" >0</value><value censorCode="nc" dateTime="2015-06-25T00:00:00" timeOffset="-7" dateTimeUTC="2015-06-25T07:00:00"  methodCode="1"  sourceCode="1"  qualityControlLevelCode="1" >0</value><value censorCode="nc" dateTime="2015-06-26T00:00:00" timeOffset="-7" dateTimeUTC="2015-06-26T07:00:00"  methodCode="1"  sourceCode="1"  qualityControlLevelCode="1" >0</value><value censorCode="nc" dateTime="2015-06-27T00:00:00" timeOffset="-7" dateTimeUTC="2015-06-27T07:00:00"  methodCode="1"  sourceCode="1"  qualityControlLevelCode="1" >0</value><value censorCode="nc" dateTime="2015-06-28T00:00:00" timeOffset="-7" dateTimeUTC="2015-06-28T07:00:00"  methodCode="1"  sourceCode="1"  qualityControlLevelCode="1" >0</value><value censorCode="nc" dateTime="2015-06-29T00:00:00" timeOffset="-7" dateTimeUTC="2015-06-29T07:00:00"  methodCode="1"  sourceCode="1"  qualityControlLevelCode="1" >0</value><value censorCode="nc" dateTime="2015-06-30T00:00:00" timeOffset="-7" dateTimeUTC="2015-06-30T07:00:00"  methodCode="1"  sourceCode="1"  qualityControlLevelCode="1" >0</value><value censorCode="nc" dateTime="2015-07-01T00:00:00" timeOffset="-7" dateTimeUTC="2015-07-01T07:00:00"  methodCode="1"  sourceCode="1"  qualityControlLevelCode="1" >0</value><value censorCode="nc" dateTime="2015-07-02T00:00:00" timeOffset="-7" dateTimeUTC="2015-07-02T07:00:00"  methodCode="1"  sourceCode="1"  qualityControlLevelCode="1" >0</value><value censorCode="nc" dateTime="2015-07-03T00:00:00" timeOffset="-7" dateTimeUTC="2015-07-03T07:00:00"  methodCode="1"  sourceCode="1"  qualityControlLevelCode="1" >0</value><value censorCode="nc" dateTime="2015-07-04T00:00:00" timeOffset="-7" dateTimeUTC="2015-07-04T07:00:00"  methodCode="1"  sourceCode="1"  qualityControlLevelCode="1" >0</value><value censorCode="nc" dateTime="2015-07-05T00:00:00" timeOffset="-7" dateTimeUTC="2015-07-05T07:00:00"  methodCode="1"  sourceCode="1"  qualityControlLevelCode="1" >0</value><value censorCode="nc" dateTime="2015-07-06T00:00:00" timeOffset="-7" dateTimeUTC="2015-07-06T07:00:00"  methodCode="1"  sourceCode="1"  qualityControlLevelCode="1" >0</value><value censorCode="nc" dateTime="2015-07-07T00:00:00" timeOffset="-7" dateTimeUTC="2015-07-07T07:00:00"  methodCode="1"  sourceCode="1"  qualityControlLevelCode="1" >0</value><value censorCode="nc" dateTime="2015-07-08T00:00:00" timeOffset="-7" dateTimeUTC="2015-07-08T07:00:00"  methodCode="1"  sourceCode="1"  qualityControlLevelCode="1" >0</value><value censorCode="nc" dateTime="2015-07-09T00:00:00" timeOffset="-7" dateTimeUTC="2015-07-09T07:00:00"  methodCode="1"  sourceCode="1"  qualityControlLevelCode="1" >0</value><value censorCode="nc" dateTime="2015-07-10T00:00:00" timeOffset="-7" dateTimeUTC="2015-07-10T07:00:00"  methodCode="1"  sourceCode="1"  qualityControlLevelCode="1" >0</value><value censorCode="nc" dateTime="2015-07-11T00:00:00" timeOffset="-7" dateTimeUTC="2015-07-11T07:00:00"  methodCode="1"  sourceCode="1"  qualityControlLevelCode="1" >0</value><value censorCode="nc" dateTime="2015-07-12T00:00:00" timeOffset="-7" dateTimeUTC="2015-07-12T07:00:00"  methodCode="1"  sourceCode="1"  qualityControlLevelCode="1" >0</value><value censorCode="nc" dateTime="2015-07-13T00:00:00" timeOffset="-7" dateTimeUTC="2015-07-13T07:00:00"  methodCode="1"  sourceCode="1"  qualityControlLevelCode="1" >0</value><value censorCode="nc" dateTime="2015-07-14T00:00:00" timeOffset="-7" dateTimeUTC="2015-07-14T07:00:00"  methodCode="1"  sourceCode="1"  qualityControlLevelCode="1" >0</value><value censorCode="nc" dateTime="2015-07-15T00:00:00" timeOffset="-7" dateTimeUTC="2015-07-15T07:00:00"  methodCode="1"  sourceCode="1"  qualityControlLevelCode="1" >0</value><value censorCode="nc" dateTime="2015-07-16T00:00:00" timeOffset="-7" dateTimeUTC="2015-07-16T07:00:00"  methodCode="1"  sourceCode="1"  qualityControlLevelCode="1" >0</value><value censorCode="nc" dateTime="2015-07-17T00:00:00" timeOffset="-7" dateTimeUTC="2015-07-17T07:00:00"  methodCode="1"  sourceCode="1"  qualityControlLevelCode="1" >0</value><value censorCode="nc" dateTime="2015-07-18T00:00:00" timeOffset="-7" dateTimeUTC="2015-07-18T07:00:00"  methodCode="1"  sourceCode="1"  qualityControlLevelCode="1" >0</value><value censorCode="nc" dateTime="2015-07-19T00:00:00" timeOffset="-7" dateTimeUTC="2015-07-19T07:00:00"  methodCode="1"  sourceCode="1"  qualityControlLevelCode="1" >0</value><value censorCode="nc" dateTime="2015-07-20T00:00:00" timeOffset="-7" dateTimeUTC="2015-07-20T07:00:00"  methodCode="1"  sourceCode="1"  qualityControlLevelCode="1" >0</value><value censorCode="nc" dateTime="2015-07-21T00:00:00" timeOffset="-7" dateTimeUTC="2015-07-21T07:00:00"  methodCode="1"  sourceCode="1"  qualityControlLevelCode="1" >0</value><value censorCode="nc" dateTime="2015-07-22T00:00:00" timeOffset="-7" dateTimeUTC="2015-07-22T07:00:00"  methodCode="1"  sourceCode="1"  qualityControlLevelCode="1" >0</value><value censorCode="nc" dateTime="2015-07-23T00:00:00" timeOffset="-7" dateTimeUTC="2015-07-23T07:00:00"  methodCode="1"  sourceCode="1"  qualityControlLevelCode="1" >0</value><value censorCode="nc" dateTime="2015-07-24T00:00:00" timeOffset="-7" dateTimeUTC="2015-07-24T07:00:00"  methodCode="1"  sourceCode="1"  qualityControlLevelCode="1" >0</value><value censorCode="nc" dateTime="2015-07-25T00:00:00" timeOffset="-7" dateTimeUTC="2015-07-25T07:00:00"  methodCode="1"  sourceCode="1"  qualityControlLevelCode="1" >0</value><value censorCode="nc" dateTime="2015-07-26T00:00:00" timeOffset="-7" dateTimeUTC="2015-07-26T07:00:00"  methodCode="1"  sourceCode="1"  qualityControlLevelCode="1" >0</value><value censorCode="nc" dateTime="2015-07-27T00:00:00" timeOffset="-7" dateTimeUTC="2015-07-27T07:00:00"  methodCode="1"  sourceCode="1"  qualityControlLevelCode="1" >0</value><value censorCode="nc" dateTime="2015-07-28T00:00:00" timeOffset="-7" dateTimeUTC="2015-07-28T07:00:00"  methodCode="1"  sourceCode="1"  qualityControlLevelCode="1" >0</value><value censorCode="nc" dateTime="2015-07-29T00:00:00" timeOffset="-7" dateTimeUTC="2015-07-29T07:00:00"  methodCode="1"  sourceCode="1"  qualityControlLevelCode="1" >0</value><value censorCode="nc" dateTime="2015-07-30T00:00:00" timeOffset="-7" dateTimeUTC="2015-07-30T07:00:00"  methodCode="1"  sourceCode="1"  qualityControlLevelCode="1" >0</value><value censorCode="nc" dateTime="2015-07-31T00:00:00" timeOffset="-7" dateTimeUTC="2015-07-31T07:00:00"  methodCode="1"  sourceCode="1"  qualityControlLevelCode="1" >0</value><value censorCode="nc" dateTime="2015-08-01T00:00:00" timeOffset="-7" dateTimeUTC="2015-08-01T07:00:00"  methodCode="1"  sourceCode="1"  qualityControlLevelCode="1" >0</value><value censorCode="nc" dateTime="2015-08-02T00:00:00" timeOffset="-7" dateTimeUTC="2015-08-02T07:00:00"  methodCode="1"  sourceCode="1"  qualityControlLevelCode="1" >0</value><value censorCode="nc" dateTime="2015-08-03T00:00:00" timeOffset="-7" dateTimeUTC="2015-08-03T07:00:00"  methodCode="1"  sourceCode="1"  qualityControlLevelCode="1" >0</value><value censorCode="nc" dateTime="2015-08-04T00:00:00" timeOffset="-7" dateTimeUTC="2015-08-04T07:00:00"  methodCode="1"  sourceCode="1"  qualityControlLevelCode="1" >0</value><value censorCode="nc" dateTime="2015-08-05T00:00:00" timeOffset="-7" dateTimeUTC="2015-08-05T07:00:00"  methodCode="1"  sourceCode="1"  qualityControlLevelCode="1" >0</value><value censorCode="nc" dateTime="2015-08-06T00:00:00" timeOffset="-7" dateTimeUTC="2015-08-06T07:00:00"  methodCode="1"  sourceCode="1"  qualityControlLevelCode="1" >0</value><value censorCode="nc" dateTime="2015-08-07T00:00:00" timeOffset="-7" dateTimeUTC="2015-08-07T07:00:00"  methodCode="1"  sourceCode="1"  qualityControlLevelCode="1" >0</value><value censorCode="nc" dateTime="2015-08-08T00:00:00" timeOffset="-7" dateTimeUTC="2015-08-08T07:00:00"  methodCode="1"  sourceCode="1"  qualityControlLevelCode="1" >0</value><value censorCode="nc" dateTime="2015-08-09T00:00:00" timeOffset="-7" dateTimeUTC="2015-08-09T07:00:00"  methodCode="1"  sourceCode="1"  qualityControlLevelCode="1" >0</value><value censorCode="nc" dateTime="2015-08-10T00:00:00" timeOffset="-7" dateTimeUTC="2015-08-10T07:00:00"  methodCode="1"  sourceCode="1"  qualityControlLevelCode="1" >0</value><value censorCode="nc" dateTime="2015-08-11T00:00:00" timeOffset="-7" dateTimeUTC="2015-08-11T07:00:00"  methodCode="1"  sourceCode="1"  qualityControlLevelCode="1" >0</value><value censorCode="nc" dateTime="2015-08-12T00:00:00" timeOffset="-7" dateTimeUTC="2015-08-12T07:00:00"  methodCode="1"  sourceCode="1"  qualityControlLevelCode="1" >0</value><value censorCode="nc" dateTime="2015-08-13T00:00:00" timeOffset="-7" dateTimeUTC="2015-08-13T07:00:00"  methodCode="1"  sourceCode="1"  qualityControlLevelCode="1" >0</value><value censorCode="nc" dateTime="2015-08-14T00:00:00" timeOffset="-7" dateTimeUTC="2015-08-14T07:00:00"  methodCode="1"  sourceCode="1"  qualityControlLevelCode="1" >0</value><value censorCode="nc" dateTime="2015-08-15T00:00:00" timeOffset="-7" dateTimeUTC="2015-08-15T07:00:00"  methodCode="1"  sourceCode="1"  qualityControlLevelCode="1" >0</value><value censorCode="nc" dateTime="2015-08-16T00:00:00" timeOffset="-7" dateTimeUTC="2015-08-16T07:00:00"  methodCode="1"  sourceCode="1"  qualityControlLevelCode="1" >0</value><value censorCode="nc" dateTime="2015-08-17T00:00:00" timeOffset="-7" dateTimeUTC="2015-08-17T07:00:00"  methodCode="1"  sourceCode="1"  qualityControlLevelCode="1" >0</value><value censorCode="nc" dateTime="2015-08-18T00:00:00" timeOffset="-7" dateTimeUTC="2015-08-18T07:00:00"  methodCode="1"  sourceCode="1"  qualityControlLevelCode="1" >0</value><value censorCode="nc" dateTime="2015-08-19T00:00:00" timeOffset="-7" dateTimeUTC="2015-08-19T07:00:00"  methodCode="1"  sourceCode="1"  qualityControlLevelCode="1" >0</value><value censorCode="nc" dateTime="2015-08-20T00:00:00" timeOffset="-7" dateTimeUTC="2015-08-20T07:00:00"  methodCode="1"  sourceCode="1"  qualityControlLevelCode="1" >0</value><value censorCode="nc" dateTime="2015-08-21T00:00:00" timeOffset="-7" dateTimeUTC="2015-08-21T07:00:00"  methodCode="1"  sourceCode="1"  qualityControlLevelCode="1" >0</value><value censorCode="nc" dateTime="2015-08-22T00:00:00" timeOffset="-7" dateTimeUTC="2015-08-22T07:00:00"  methodCode="1"  sourceCode="1"  qualityControlLevelCode="1" >0</value><value censorCode="nc" dateTime="2015-08-23T00:00:00" timeOffset="-7" dateTimeUTC="2015-08-23T07:00:00"  methodCode="1"  sourceCode="1"  qualityControlLevelCode="1" >0</value><value censorCode="nc" dateTime="2015-08-24T00:00:00" timeOffset="-7" dateTimeUTC="2015-08-24T07:00:00"  methodCode="1"  sourceCode="1"  qualityControlLevelCode="1" >0</value><value censorCode="nc" dateTime="2015-08-25T00:00:00" timeOffset="-7" dateTimeUTC="2015-08-25T07:00:00"  methodCode="1"  sourceCode="1"  qualityControlLevelCode="1" >0</value><value censorCode="nc" dateTime="2015-08-26T00:00:00" timeOffset="-7" dateTimeUTC="2015-08-26T07:00:00"  methodCode="1"  sourceCode="1"  qualityControlLevelCode="1" >0</value><value censorCode="nc" dateTime="2015-08-27T00:00:00" timeOffset="-7" dateTimeUTC="2015-08-27T07:00:00"  methodCode="1"  sourceCode="1"  qualityControlLevelCode="1" >0</value><value censorCode="nc" dateTime="2015-08-28T00:00:00" timeOffset="-7" dateTimeUTC="2015-08-28T07:00:00"  methodCode="1"  sourceCode="1"  qualityControlLevelCode="1" >0</value><value censorCode="nc" dateTime="2015-08-29T00:00:00" timeOffset="-7" dateTimeUTC="2015-08-29T07:00:00"  methodCode="1"  sourceCode="1"  qualityControlLevelCode="1" >0</value><value censorCode="nc" dateTime="2015-08-30T00:00:00" timeOffset="-7" dateTimeUTC="2015-08-30T07:00:00"  methodCode="1"  sourceCode="1"  qualityControlLevelCode="1" >0</value><value censorCode="nc" dateTime="2015-08-31T00:00:00" timeOffset="-7" dateTimeUTC="2015-08-31T07:00:00"  methodCode="1"  sourceCode="1"  qualityControlLevelCode="1" >0</value><value censorCode="nc" dateTime="2015-09-01T00:00:00" timeOffset="-7" dateTimeUTC="2015-09-01T07:00:00"  methodCode="1"  sourceCode="1"  qualityControlLevelCode="1" >0</value><value censorCode="nc" dateTime="2015-09-02T00:00:00" timeOffset="-7" dateTimeUTC="2015-09-02T07:00:00"  methodCode="1"  sourceCode="1"  qualityControlLevelCode="1" >0</value><value censorCode="nc" dateTime="2015-09-03T00:00:00" timeOffset="-7" dateTimeUTC="2015-09-03T07:00:00"  methodCode="1"  sourceCode="1"  qualityControlLevelCode="1" >0</value><value censorCode="nc" dateTime="2015-09-04T00:00:00" timeOffset="-7" dateTimeUTC="2015-09-04T07:00:00"  methodCode="1"  sourceCode="1"  qualityControlLevelCode="1" >0</value><value censorCode="nc" dateTime="2015-09-05T00:00:00" timeOffset="-7" dateTimeUTC="2015-09-05T07:00:00"  methodCode="1"  sourceCode="1"  qualityControlLevelCode="1" >0</value><value censorCode="nc" dateTime="2015-09-06T00:00:00" timeOffset="-7" dateTimeUTC="2015-09-06T07:00:00"  methodCode="1"  sourceCode="1"  qualityControlLevelCode="1" >0</value><value censorCode="nc" dateTime="2015-09-07T00:00:00" timeOffset="-7" dateTimeUTC="2015-09-07T07:00:00"  methodCode="1"  sourceCode="1"  qualityControlLevelCode="1" >0</value><value censorCode="nc" dateTime="2015-09-08T00:00:00" timeOffset="-7" dateTimeUTC="2015-09-08T07:00:00"  methodCode="1"  sourceCode="1"  qualityControlLevelCode="1" >0</value><value censorCode="nc" dateTime="2015-09-09T00:00:00" timeOffset="-7" dateTimeUTC="2015-09-09T07:00:00"  methodCode="1"  sourceCode="1"  qualityControlLevelCode="1" >0</value><value censorCode="nc" dateTime="2015-09-10T00:00:00" timeOffset="-7" dateTimeUTC="2015-09-10T07:00:00"  methodCode="1"  sourceCode="1"  qualityControlLevelCode="1" >0</value><value censorCode="nc" dateTime="2015-09-11T00:00:00" timeOffset="-7" dateTimeUTC="2015-09-11T07:00:00"  methodCode="1"  sourceCode="1"  qualityControlLevelCode="1" >0</value><value censorCode="nc" dateTime="2015-09-12T00:00:00" timeOffset="-7" dateTimeUTC="2015-09-12T07:00:00"  methodCode="1"  sourceCode="1"  qualityControlLevelCode="1" >0</value><value censorCode="nc" dateTime="2015-09-13T00:00:00" timeOffset="-7" dateTimeUTC="2015-09-13T07:00:00"  methodCode="1"  sourceCode="1"  qualityControlLevelCode="1" >0</value><value censorCode="nc" dateTime="2015-09-14T00:00:00" timeOffset="-7" dateTimeUTC="2015-09-14T07:00:00"  methodCode="1"  sourceCode="1"  qualityControlLevelCode="1" >0</value><value censorCode="nc" dateTime="2015-09-15T00:00:00" timeOffset="-7" dateTimeUTC="2015-09-15T07:00:00"  methodCode="1"  sourceCode="1"  qualityControlLevelCode="1" >0</value><value censorCode="nc" dateTime="2015-09-16T00:00:00" timeOffset="-7" dateTimeUTC="2015-09-16T07:00:00"  methodCode="1"  sourceCode="1"  qualityControlLevelCode="1" >0</value><qualityControlLevel qualityControlLevelID="1"><qualityControlLevelCode>1</qualityControlLevelCode><definition>Quality controlled data</definition><explanation>Quality controlled data that have passed quality assurance procedures such as routine estimation of timing and sensor calibration or visual inspection and removal of obvious errors. An example is USGS published streamflow records following parsing through USGS quality control procedures.</explanation></qualityControlLevel><method methodID="1"><methodCode>1</methodCode><methodDescription>No method specified</methodDescription><methodLink></methodLink></method><source sourceID="1"><sourceCode>1</sourceCode><organization>USDA NRCS</organization><sourceDescription>SNOTEL Data</sourceDescription><contactInformation><contactName>Jiri Kadlec</contactName><typeOfContact>main</typeOfContact><email>jirikadlec2@gmail.com</email><phone>385-204-2998</phone><address xsi:type="xsd:string">Clyde Building, Provo, Utah, 84604</address></contactInformation><sourceLink>http://www.wcc.nrcs.usda.gov/snow/</sourceLink><citation>add citation here..</citation></source><censorCode><censorCode>nc</censorCode><censorCodeDescription>not censored</censorCodeDescription></censorCode></values></timeSeries></timeSeriesResponse>